{
    "train_loss": [
        3.8077395250509074
    ],
    "val_accuracy": [
        0.024121295658166782
    ]
}