{
    "train_loss": [
        2.061504364013672
    ],
    "val_accuracy": [
        0.18333333333333332
    ]
}