{
    "train_loss": [
        1.8082214829685923,
        1.585628331362546,
        1.453551444378528,
        1.2612758416395922,
        1.0905516321187492,
        0.9715336505528335,
        0.91829166667802,
        0.7787348832730409,
        0.7394085994788578,
        0.6569395795628264
    ],
    "val_accuracy": [
        0.5513439007580979,
        0.6119917298414886,
        0.6995175740868367,
        0.7270847691247415,
        0.7904893177119228,
        0.8035837353549277,
        0.8104755341144039,
        0.8290833907649897,
        0.8442453480358374,
        0.8731909028256375
    ]
}