{
    "train_loss": [
        3.739708565093659
    ],
    "val_accuracy": [
        0.08407994486560992
    ]
}