{
    "Top-1 Accuracy": 0.04755341144038594,
    "Top-3 Accuracy": 0.10751206064782909,
    "F1-Score": 0.009546837865191284,
    "AUC-ROC": 0.6678671969885548
}