{
    "Top-1 Accuracy": 0.19444444444444445,
    "F1-Score": 0.1471247424456534,
    "AUC-ROC": 0.7444444444444445
}