{
    "train_loss": [
        3.9654945934211816
    ],
    "val_accuracy": [
        0.042729152308752585
    ]
}