{
    "Top-1 Accuracy": 0.05995864920744314,
    "Top-3 Accuracy": 0.13163335630599587,
    "F1-Score": 0.02020527249257253,
    "AUC-ROC": 0.6600339879297649
}