{
    "train_loss": [
        1.7036239665907782,
        1.6506526840699685,
        1.5803154787501774,
        1.5153100482515387,
        1.5070818066596985,
        1.4100149918246914,
        1.3921210967205666,
        1.289254885670301,
        1.218850025454083,
        1.2180300878511894
    ],
    "val_accuracy": [
        0.14444444444444443,
        0.17777777777777778,
        0.17222222222222222,
        0.16111111111111112,
        0.18888888888888888,
        0.18333333333333332,
        0.15555555555555556,
        0.17222222222222222,
        0.16111111111111112,
        0.15
    ]
}