{
    "train_loss": [
        3.805786533670111
    ],
    "val_accuracy": [
        0.024121295658166782
    ]
}