{
    "train_loss": [
        1.689475443012811,
        1.5127304059428137,
        1.2648482532114596,
        1.0616432810957368,
        0.9129045339854988,
        0.6778272495076463,
        0.5472205387982162,
        0.40948615882646394,
        0.3305722192634602,
        0.25252477875029716
    ],
    "val_accuracy": [
        0.2833333333333333,
        0.25555555555555554,
        0.3888888888888889,
        0.38333333333333336,
        0.34444444444444444,
        0.39444444444444443,
        0.4,
        0.4722222222222222,
        0.5,
        0.42777777777777776
    ]
}