{
    "train_loss": [
        0.6148127073442543,
        0.4627644095447037,
        0.39573890961461017,
        0.3566421907558873,
        0.31415580284710115,
        0.28500711280279434,
        0.2307415162731259,
        0.22221876285590583,
        0.21290602787029367,
        0.20377678107751718
    ],
    "val_accuracy": [
        0.8559614059269469,
        0.9179875947622329,
        0.9110957960027567,
        0.9262577532736044,
        0.9386629910406616,
        0.9607167470709855,
        0.9586492074431426,
        0.937973811164714,
        0.9538249483115093,
        0.9042039972432805
    ]
}