{
    "Top-1 Accuracy": 0.8731909028256375,
    "Top-3 Accuracy": 0.9538249483115093,
    "F1-Score": 0.8764052077413177,
    "AUC-ROC": 0.9971651313449986
}