{
    "Top-1 Accuracy": 0.5258442453480359,
    "Top-3 Accuracy": 0.7904893177119228,
    "F1-Score": 0.5210998118135047,
    "AUC-ROC": 0.9730767503426573
}