{
    "train_loss": [
        3.8066625621292616
    ],
    "val_accuracy": [
        0.024121295658166782
    ]
}