{
    "Top-1 Accuracy": 0.9607167470709855,
    "Top-3 Accuracy": 0.9917298414886285,
    "F1-Score": 0.9618921055102154,
    "AUC-ROC": 0.999864088399997
}