{
    "train_loss": [
        3.8066625621292616,
        3.8066625621292616,
        3.8066625621292616,
        3.8066625621292616,
        3.8066625621292616,
        3.8066625621292616,
        3.8066625621292616,
        3.8066625621292616,
        3.8066625621292616,
        3.8066625621292616
    ],
    "val_accuracy": [
        0.0,
        0.0,
        0.0,
        0.0,
        0.0,
        0.0,
        0.0,
        0.0,
        0.0,
        0.0
    ]
}