{
    "train_loss": [
        4.010213291252052
    ],
    "val_accuracy": [
        0.043418332184700204
    ]
}