{
    "train_loss": [
        0.2250622784422076,
        0.2817043647743188,
        0.19650218398361416,
        0.22898102487222508,
        0.1413155267588221,
        0.12804148110540603,
        0.16945539820033564,
        0.14923224789742892,
        0.09401138750119852,
        0.10869626171076491
    ],
    "val_accuracy": [
        0.9510682288077188,
        0.972432804962095,
        0.9386629910406616,
        0.9751895244658856,
        0.9669193659545141,
        0.9676085458304617,
        0.9676085458304617,
        0.9772570640937285,
        0.9552033080634046,
        0.9910406616126809
    ]
}