{
    "Top-1 Accuracy": 0.18333333333333332,
    "F1-Score": 0.09003378378378378,
    "AUC-ROC": 0.79989898989899
}