{
    "Top-1 Accuracy": 0.052377670572019294,
    "Top-3 Accuracy": 0.11026878015161957,
    "F1-Score": 0.01965339962024666,
    "AUC-ROC": 0.6537682052762136
}