{
    "train_loss": [
        0.24323162927317457,
        0.1742285419431691,
        0.18298440938540167,
        0.17256841445890353,
        0.15331061971753385,
        0.13510008797921064,
        0.1081515432813683,
        0.15941128070550337,
        0.1257038053386045,
        0.11954360751108013
    ],
    "val_accuracy": [
        0.5222222222222223,
        0.5055555555555555,
        0.45,
        0.4888888888888889,
        0.4111111111111111,
        0.45555555555555555,
        0.4888888888888889,
        0.46111111111111114,
        0.46111111111111114,
        0.4666666666666667
    ]
}