{
    "train_loss": [
        2.3908191887108057,
        2.37558330071939,
        2.3664617699545785,
        2.355684879663828,
        2.3490240799414144,
        2.337393899221678,
        2.3357785843514107,
        2.3315707348488472,
        2.3224276739197807,
        2.3292918430792318
    ],
    "val_accuracy": [
        0.08333333333333333,
        0.08333333333333333,
        0.08333333333333333,
        0.08333333333333333,
        0.08333333333333333,
        0.08333333333333333,
        0.08333333333333333,
        0.08333333333333333,
        0.08333333333333333,
        0.08333333333333333
    ]
}