{
    "train_loss": [
        3.8446670364547564,
        3.7353800312503354,
        3.5948640959603444,
        3.410574184669243,
        3.1649618306002774,
        2.8279219643100277,
        2.459524011873937,
        2.0744292578854404,
        1.7220374437478871,
        1.363456714939285
    ],
    "val_accuracy": [
        0.0,
        0.0,
        0.0,
        0.0,
        0.0,
        0.0,
        0.0,
        0.0,
        0.0,
        0.0
    ]
}