{
    "train_loss": [
        2.377179232803551,
        2.3741174614107288,
        2.3570744636896492,
        2.3482140979251347,
        2.349272731188181,
        2.3470340741647258,
        2.3336934044554427,
        2.3262071351747253,
        2.3246628593754126,
        2.3225944235518172
    ],
    "val_accuracy": [
        0.08333333333333333,
        0.08333333333333333,
        0.08333333333333333,
        0.08333333333333333,
        0.08333333333333333,
        0.08333333333333333,
        0.08333333333333333,
        0.08333333333333333,
        0.08333333333333333,
        0.08333333333333333
    ]
}