{
    "Top-1 Accuracy": 0.16666666666666666,
    "F1-Score": 0.07582586201356084,
    "AUC-ROC": 0.7613131313131314
}