{
    "train_loss": [
        1.4621628474544834,
        1.3892321208038845,
        1.2970075623409167,
        1.2797326904696387,
        1.1818726900461558,
        1.2126116575421513,
        1.0753066749186129,
        0.9971853712120572,
        1.0028918220384702,
        0.9454827711388871
    ],
    "val_accuracy": [
        0.16666666666666666,
        0.17777777777777778,
        0.16111111111111112,
        0.19444444444444445,
        0.17222222222222222,
        0.17777777777777778,
        0.14444444444444443,
        0.16666666666666666,
        0.12222222222222222,
        0.17777777777777778
    ]
}