{
    "Top-1 Accuracy": 0.042729152308752585,
    "F1-Score": 0.016452003663907856,
    "AUC-ROC": 0.6479219060792276
}