{
    "Top-1 Accuracy": 0.024121295658166782,
    "Top-3 Accuracy": 0.0647829083390765,
    "F1-Score": 0.0018502927286594027,
    "AUC-ROC": 0.5445175607743846
}