{
    "train_loss": [
        3.524266153901488,
        3.2137122521033654,
        2.8209921147797132,
        2.4220364617777395,
        1.9824638654897502,
        1.5959153037804823,
        1.1753282376698084,
        0.9175861792249994,
        0.7184963106781572,
        0.5752078432712581
    ],
    "val_accuracy": [
        0.1330117160578911,
        0.17160578911095797,
        0.28532046864231564,
        0.35837353549276363,
        0.5175740868366644,
        0.5892487939352171,
        0.7360441075120606,
        0.822880771881461,
        0.8731909028256375,
        0.8594073053066851
    ]
}