{
    "train_loss": [
        2.5133948857719832
    ],
    "val_accuracy": [
        0.08333333333333333
    ]
}