{
    "Top-1 Accuracy": 0.024121295658166782,
    "F1-Score": 0.0011362656097386775,
    "AUC-ROC": 0.5
}