{
    "train_loss": [
        3.836780629315219
    ],
    "val_accuracy": [
        0.04135079255685734
    ]
}