{
    "train_loss": [
        3.84293432026119
    ],
    "val_accuracy": [
        0.04755341144038594
    ]
}