{
    "train_loss": [
        3.796488214325119,
        3.796070649073674,
        3.795918650679536,
        3.7958133535070733,
        3.7946494621234934,
        3.7939527244358273,
        3.794260617140885,
        3.7940159236991797,
        3.7932718874333977,
        3.7936349229498223
    ],
    "val_accuracy": [
        0.03514817367332874,
        0.04203997243280496,
        0.03445899379738112,
        0.04066161268090972,
        0.04203997243280496,
        0.04893177119228118,
        0.04548587181254307,
        0.04755341144038594,
        0.04893177119228118,
        0.052377670572019294
    ]
}