{
    "Top-1 Accuracy": 0.5111111111111111,
    "F1-Score": 0.48048509511724,
    "AUC-ROC": 0.8591750841750841
}