{
    "train_loss": [
        3.792946920290098,
        3.7918919180775736,
        3.792349631969745,
        3.7920946970090763,
        3.791128103549664,
        3.7912495214860518,
        3.7910297964955424,
        3.7898841821230373,
        3.791376462349525,
        3.7910538427122344
    ],
    "val_accuracy": [
        0.05651274982770503,
        0.05031013094417643,
        0.05444521019986216,
        0.057201929703652656,
        0.057891109579600274,
        0.05513439007580979,
        0.05513439007580979,
        0.05513439007580979,
        0.057201929703652656,
        0.05995864920744314
    ]
}