{
    "train_loss": [
        2.4445707540254333,
        2.424376577944369,
        2.4105247001390198,
        2.3914448796091854,
        2.3828411392263464,
        2.37258691401095,
        2.356643390011143,
        2.3518614350138485,
        2.3470274725475826,
        2.3349787850637695
    ],
    "val_accuracy": [
        0.08333333333333333,
        0.08333333333333333,
        0.08888888888888889,
        0.08333333333333333,
        0.08333333333333333,
        0.08333333333333333,
        0.08333333333333333,
        0.08333333333333333,
        0.08333333333333333,
        0.08333333333333333
    ]
}