{
    "train_loss": [
        2.4683552432704614
    ],
    "val_accuracy": [
        0.08333333333333333
    ]
}