{
    "Top-1 Accuracy": 0.9910406616126809,
    "Top-3 Accuracy": 0.9993108201240524,
    "F1-Score": 0.99103087811864,
    "AUC-ROC": 0.9999922645037347
}