{
    "Top-1 Accuracy": 0.043418332184700204,
    "F1-Score": 0.00952109725801901,
    "AUC-ROC": 0.6454301603742431
}