{
    "train_loss": [
        0.26150244594071015,
        0.18261623580179434,
        0.1774282399396848,
        0.12915535261777836,
        0.12102927080556239,
        0.15409354556725924,
        0.10618990493157304,
        0.0682020231551011,
        0.10335525563182366,
        0.11930715113680199
    ],
    "val_accuracy": [
        0.5055555555555555,
        0.4722222222222222,
        0.4444444444444444,
        0.5111111111111111,
        0.46111111111111114,
        0.45555555555555555,
        0.5055555555555555,
        0.4666666666666667,
        0.4666666666666667,
        0.5
    ]
}