{
    "train_loss": [
        2.3587911741153613,
        1.9916687333906018,
        1.9362851719598513,
        1.8693868960883167,
        1.7951489703075305,
        1.7265666457446847,
        1.7283616420385,
        1.6957863907556276,
        1.6603343132379893,
        1.6578931727924862
    ],
    "val_accuracy": [
        0.11666666666666667,
        0.15,
        0.13333333333333333,
        0.15555555555555556,
        0.19444444444444445,
        0.16666666666666666,
        0.18333333333333332,
        0.18888888888888888,
        0.2111111111111111,
        0.15
    ]
}