{
    "Top-1 Accuracy": 0.08333333333333333,
    "F1-Score": 0.012820512820512822,
    "AUC-ROC": 0.5
}