{
    "train_loss": [
        3.056356456253555,
        2.9494223778064432,
        2.8361055588984225,
        2.762066838505504,
        2.627833589092716,
        2.459576490161183,
        2.386828457916176,
        2.2370140893118724,
        2.0608962250279856,
        1.9352865913412074
    ],
    "val_accuracy": [
        0.1847002067539628,
        0.2308752584424535,
        0.2308752584424535,
        0.2708476912474156,
        0.3004824259131633,
        0.3638869745003446,
        0.39145416953824946,
        0.4596829772570641,
        0.47484493452791177,
        0.5258442453480359
    ]
}