{
    "Top-1 Accuracy": 0.08407994486560992,
    "Top-3 Accuracy": 0.20124052377670573,
    "F1-Score": 0.041730388280230804,
    "AUC-ROC": 0.752130082041137
}