{
    "train_loss": [
        3.758957029698969,
        3.6609348831595954,
        3.5874242022797302,
        3.5248241948557424,
        3.4890362535204207,
        3.4068538409013014,
        3.371513578917954,
        3.293207076879648,
        3.2603806977743632,
        3.1769505516513363
    ],
    "val_accuracy": [
        0.04893177119228118,
        0.06064782908339077,
        0.08407994486560992,
        0.09441764300482426,
        0.09924190213645762,
        0.11302549965541006,
        0.12611991729841487,
        0.13439007580978635,
        0.1481736733287388,
        0.1702274293590627
    ]
}