{
    "train_loss": [
        3.8048149150806467,
        3.803386559853187,
        3.8021054660880957,
        3.80136099752489,
        3.799476668074891,
        3.798776293848897,
        3.798676160665659,
        3.797708715711321,
        3.7968217776371884,
        3.7965278835087033
    ],
    "val_accuracy": [
        0.022742935906271536,
        0.024121295658166782,
        0.026188835286009647,
        0.024121295658166782,
        0.025499655410062026,
        0.026188835286009647,
        0.028256374913852515,
        0.03308063404548587,
        0.03514817367332874,
        0.03308063404548587
    ]
}