{
    "train_loss": [
        2.597236909364399
    ],
    "val_accuracy": [
        0.08888888888888889
    ]
}