{
    "train_loss": [
        2.726231198561819
    ],
    "val_accuracy": [
        0.1111111111111111
    ]
}