{
    "train_loss": [
        2.256258445817071
    ],
    "val_accuracy": [
        0.16666666666666666
    ]
}