{
    "train_loss": [
        2.484906679875142
    ],
    "val_accuracy": [
        0.08333333333333333
    ]
}